[
	{ "name":"Root", "parent":[] },

	{ "name":"Lisa", "age":10, "parent":["Homer","Marge"], "hair":"blond" },
	{ "name":"Bart", "age":9, "parent":["Homer","Marge"], "hair":"blond" },
	{ "name":"Maggie", "age":2, "parent":["Homer","Marge"], "hair":"black" },

	{ "name":"Patty", "age":37, "parent":["Jacqueline"], "hair":"blond" },
	{ "name":"Selma", "age":38, "parent":["Jacqueline"], "hair":"blond" },

	{ "name":"Rod", "age":9, "parent":["Ned"], "hair":"blond" },
	{ "name":"Todd", "age":8, "parent":["Ned"], "hair":"blond" },

	{ "name":"Abe", "age":65, "parent":["Root"], "hair":"none" },
	{ "name":"Mona", "age":65, "parent":["Root"], "hair":"none" },
	{ "name":"Jacqueline", "age":63, "parent":["Root"], "hair":"none" },
	{ "name":"Homer", "age":42, "parent":["Abe","Mona"], "hair":"none" },
	{ "name":"Marge", "age":35, "parent":["Jacqueline"], "hair":"blond" },
	{ "name":"Ned", "age":40, "parent":["Root"], "hair":"none" },

	{ "name":"Apu", "age":40, "parent":["Root"], "hair":"black" },
	{ "name":"Manjula", "age":40, "parent":["Apu"], "hair":"brown" }
]

